url,title,word_count,author,publish_date,meta_description,content_preview,thread_id,timestamp
https://www.alodokter.com/beragam-manfaat-olahraga,14 Manfaat Olahraga untuk Kesehatan Fisik dan Mental,1108,Unknown,Unknown,"Manfaat olahraga tidak hanya menunjang kesehatan fisik, tetapi juga baik untuk kesehatan mental. Jika dilakukan secara rutin, olahraga dapat meningkatkan stamina dan daya tahan tubuh bahkan","Hidup Sehat 14 Manfaat Olahraga untuk Kesehatan Fisik dan Mental Manfaat olahraga tidak hanya menunjang kesehatan fisik, tetapi juga baik untuk kesehatan mental. Jika dilakukan secara rutin, olahraga dapat meningkatkan stamina dan daya tahan tubuh bahkan bisa mengatasi stres serta meningkatkan gairah seksual. Olahraga merupakan salah satu cara paling praktis dan sederhana untuk menjaga kesehatan tubuh, tetapi kerap kali diabaikan. Padahal, manfaat olahraga dan aktif bergerak secara rutin dapat m",ThreadPoolExecutor-0_3,2025-06-08 10:57:49
https://www.bola.com/tag/timnas-indonesia,Timnas Indonesia,113,Unknown,Unknown,Berita Timnas Indonesia - Berikut ini jadwal pertandingan Piala AFF U-23 2025 selengkapnya,Sukses Berikut ini jadwal pertandingan Piala AFF U-23 2025 selengkapnya Lihat selengkapnya Jenis OrganisasiTim SepakbolaMarkasStadion Gelora Bung KarnoJulukanGaruda IndonesiaWarna kaosMerah dan putihManufakturErspoPelatihShin Tae-YongKaptenJay IdzesPenampilan TerbanyakAbdul Kadir (111 penampilan)Pencetan Gol TerbanyakAbdul Kadir (70 gol)Rangking FIFA129Pemain BintangMees Hilgers Jay Idzes Thom Haye Calvin Verdonk Maarteen Paes Ragnar Oratmangoen Nathan Tjoe-A-OnFoto7IndonesiaFoto: Momen Cerdas J,ThreadPoolExecutor-0_0,2025-06-08 10:57:49
https://www.orami.co.id/magazine/make-up-natural,"9 Cara Makeup Natural untuk Pemula, Buat Makin Percaya Diri",1376,Unknown,Unknown,"Makeup natural akan terlihat lebih cantik di wajah jika kulit segar dan terawat dengan baik. Ketahui langkah membuat makeup natural yang tepat, yuk!","Tampilan wajah dengan menggunakan makeup natural sedang banyak diminati oleh banyak perempuan.Banyak yang menggunakan makeup natural sebagai kunci untuk tampilan wajah tetap terlihat cantik dan segar.Makeup natural ini dianggap sebagai jawaban bagi kaum hawa yang ingin berdandan namun tidak terlalu mencolok, serta tetap menarik dalam setiap kesempatan.Tampilan makeup ini ditandai dengan tidak adanya warna lipstik yang menyala, eyeshadow yang mencolok atau shading yang terlihat berlebihan.Baca Ju",ThreadPoolExecutor-0_2,2025-06-08 10:57:49
https://www.halodoc.com/kesehatan/skincare,"Skincare - Jenis, Manfaat, dan Cara Menggunakannya",2476,Unknown,Unknown,"Butuh informasi Skincare untuk dirimu atau keluarga? Baca Jenis, Manfaat & Cara Menggunakan Skincare. Pakai Halodoc kapan & dari mana saja.","search HomeKesehatan search close Skincare REVIEWED_BY dr. Erlian Dimas SpDVE DAFTAR ISI Apa Itu Skincare? Jenis dan Fungsi Skincare Rekomendasi Produk untuk Jerawat, Keriput, dan Anti Aging Urutan Pemakaian Skincare Apa Kata Studi Terkait Skincare? Hubungi Dokter Ini Jika Butuh Tips Penggunaan Skincare Apa Itu Skincare? Perawatan kulit atau skincare adalah rangkaian aktivitas untuk merawat kulit wajah guna menjaga kesehatannya dan memperbaiki penampilan, sekaligus menangani berbagai masalah yan",ThreadPoolExecutor-0_1,2025-06-08 10:57:49
https://www.mitrakesmas.com/2023/03/pengertian-penyakit-menurut-who-kbbi.html,MITRA KESMAS,684,Oleh     Amrin Madolan,2023-03-18T19:56:00+08:00,"Pengertian Penyakit menurut WHO, KBBI, Kementerian Kesehatan RI, Para Ahli serta beberapa istilah terkait penyakit.","Pengertian Penyakit menurut WHO, KBBI, Kemenkes RI, dan Para Ahli Oleh Amrin Madolan Maret 18, 2023 Beberapa pengertian penyakit memberikan gambaran bahwa penyakit adalah kondisi abnormal pada tubuh manusia yang disebabkan oleh berbagai faktor dan ditandai dengan adanya keluhan atau gejala tertentu. Pengertian tersebut juga menekankan bahwa penyakit dapat memengaruhi fungsi tubuh manusia dan dapat memengaruhi kesehatan fisik, mental, atau sosial.Untuk lebih jelasnya tentang pengeritan penyakit, ",ThreadPoolExecutor-0_4,2025-06-08 10:57:49
https://www.maybelline.co.id/makeup-tips/all-makeup-tips/ini-10-urutan-make-up-yang-benar-dan-simple-untuk-pemula,Ini 10 Urutan Make Up yang Benar dan Simple untuk Pemula,1044,Unknown,Unknown,"Kalau kamu termasuk pemula dalam hal merias wajah , yuk, pelajari urutan make up yang benar untuk pemula dengan cara yang simple dan mendasar.","Makeup Tips Ini 10 Urutan Make Up yang Benar dan Simple untuk Pemula Bagi kamu yang pemula, belajar merias wajah dengan produk make up bisa jadi membuatmu sangat bersemangat, tapi pada saat bersamaan juga membuat bingung. Sebagai pemula, lebih disarankan untuk merias wajah dengan cara yang simpel dan mendasar terlebih dahulu, kemudian belajar riasan yang lebih advance setelah menguasai yang dasar dengan baik dan benar. Seperti apa urutan make up yang benar untuk pemula? Pelajari di sini, yuk. Pe",ThreadPoolExecutor-0_3,2025-06-08 10:57:50
https://news.detik.com/berita/d-7953059/pembobol-rekening-incar-pensiunan-asn-dpo-jaringan-pelaku-ada-di-kamboja,"Pembobol Rekening Incar Pensiunan ASN, DPO Jaringan Pelaku Ada di Kamboja",487,Unknown,Unknown,Polisi menangkap 2 orang pembobol rekening nasabah bank. Polisi memburu pelaku penipuan jaringan ini berinisial AN yang diduga berada di Kamboja.,"Pembobol Rekening Incar Pensiunan ASN, DPO Jaringan Pelaku Ada di Kamboja Rizky Adha Mahendra - detikNews Sabtu, 07 Jun 2025 12:11 WIB Foto: Polda Metro Jaya menangkap 2 tersangka pembobol rekening bermodus kirim APK. (Foto: Rizky Adha/detikcom) Jakarta - Direktorat Siber Polda Metro Jaya menangkap pembobol rekening nasabah bank berinisial EC (28) dan IP (35). Polisi memburu pelaku penipuan jaringan ini berinisial AN yang diduga berada di Kamboja.""Satu lagi (pelaku), AN status DPO (daftar pencar",ThreadPoolExecutor-0_0,2025-06-08 10:57:50
https://www.detik.com/jateng/berita/d-7952416/detik-detik-kecelakaan-maut-tewaskan-wakil-ketua-dprd-ngawi-di-tol-sragen?mtype=mpc.ctr.B-boxccxmpcxmp-modelB,Detik-detik Kecelakaan Maut Tewaskan Wakil Ketua DPRD Ngawi di Tol Sragen,585,Unknown,Unknown,"Wakil Ketua DPRD Ngawi, Waluyo Jati Sasono, meninggal dalam di Sragen. Waluyo meninggal usai mobilnya menghantam truk tronton di Tol Sragen.","Detik-detik Kecelakaan Maut Tewaskan Wakil Ketua DPRD Ngawi di Tol Sragen Agil Trisetiawan Putra - detikJateng Jumat, 06 Jun 2025 18:33 WIB Kondisi Toyota Fortuner yang hancur di bagian depan usai menabrak truk di Tol Sragen, Jumat (6/6/2025). Insiden ini menewaskan 2 orang. (Foto: dok. Polres Sragen) Sragen - Wakil Ketua DPRD Ngawi, Waluyo Jati Sasono, meninggal dunia dalam kecelakaan maut di Jalan Tol Solo-Ngawi tepatnya KM 547.800 A, di Desa Banaran, Kecamatan Sambungmacan, Kabupaten Sragen. ",ThreadPoolExecutor-0_1,2025-06-08 10:57:50
https://news.detik.com/internasional/d-7953999/kecaman-rasis-ke-trump-karena-larang-warga-12-negara-masuk-as,Kecaman 'Rasis' ke Trump karena Larang Warga 12 Negara Masuk AS,456,Unknown,Unknown,Presiden AS Donald Trump melarang 12 warga negara termasuk Iran masuk ke AS. Pemerintah Iran geram dan menyebut Trump memiliki mentalitas rasis.,"Kecaman 'Rasis' ke Trump karena Larang Warga 12 Negara Masuk AS Tim detikcom - detikNews Minggu, 08 Jun 2025 06:01 WIB Donald Trump (Foto: REUTERS/Leah Millis) Jakarta - Presiden Amerika Serikat (AS) Donald Trump melarang 12 warga negara termasuk Iran masuk ke AS. Pemerintah Iran geram dan menyebut Trump memiliki mentalitas rasis.Dilansir AFP, Sabtu (7/6/2025), Trump pada hari Rabu lalu menandatangani perintah eksekutif untuk melarang warga dari 12 negara masuk ke AS. Selain Iran, larangan AS te",ThreadPoolExecutor-0_2,2025-06-08 10:57:50
